{
  "Author": "yourShika",
  "Name": "AutoChat",
  "InternalName": "FFXIV_AutoChat",
  "AssemblyVersion": "1.0.0.0",
  "Description": "Konfigurierbares Intervall, freier Nachrichtentext, Kanalwahl (Sagen/Gruppe/Allianz/Rufen/Schreien/FC) inkl. Start/Stop.",
  "ApplicableVersion": "any",
  "RepoUrl": "https://github.com/yourShika/FFXIV_AutoChat",
  "CategoryTags": [
    "utility",
    "chat"
  ],
  "DalamudApiLevel": 13,
  "LoadRequiredState": 0,
  "LoadSync": false,
  "CanUnloadAsync": false,
  "LoadPriority": 0,
  "IconUrl": "https://raw.githubusercontent.com/yourShika/FFXIV_AutoChat/main/FFXIV_AutoChat/icon.png",
  "Punchline": "Sendet periodische Chat-Meldungen in wählbare Kanäle.",
  "Changelog": "Initiale Version",
  "AcceptsFeedback": false
}